,,Order_Select_1,Order_Select_2,Order_Select_3,Order_Select_4,Order_Select_5,Order_Select_6
2__PSTAT001,Persistent,1.0,,1.0,,,1.0
2__PSTAT001,AR Logit Default,1.0,,1.0,,,1.0
2__PSTAT001,AR Flx Logit,1.0,,1.0,,,1.0
2__PSTAT001,RLS,1.0,,1.0,,,1.0
2__PSTAT001,sRLS,1.0,,1.0,,,1.0
2__PSTAT001,RMLE,1.0,,1.0,,,1.0
2__PSTAT001,sRMLE,1.0,,1.0,,,1.0
2__PSTAT001,Bayes,1.0,,1.0,,,1.0
2__PSTAT001,Ada Bayes,1.0,,1.0,,,1.0
2__PSTAT002,Persistent,1.0,1.0,1.0,1.0,1.0,
2__PSTAT002,AR Logit Default,1.0,1.0,1.0,1.0,1.0,
2__PSTAT002,AR Flx Logit,1.0,1.0,1.0,1.0,1.0,
2__PSTAT002,RLS,1.0,1.0,1.0,1.0,1.0,
2__PSTAT002,sRLS,1.0,1.0,1.0,1.0,1.0,
2__PSTAT002,RMLE,1.0,1.0,1.0,1.0,1.0,
2__PSTAT002,sRMLE,1.0,1.0,1.0,1.0,1.0,
2__PSTAT002,Bayes,1.0,1.0,1.0,1.0,1.0,
2__PSTAT002,Ada Bayes,1.0,1.0,1.0,1.0,1.0,
E_ABRTW-1,Persistent,1.0,,1.0,1.0,1.0,
E_ABRTW-1,AR Logit Default,1.0,,1.0,1.0,1.0,
E_ABRTW-1,AR Flx Logit,1.0,,1.0,1.0,1.0,
E_ABRTW-1,RLS,1.0,,1.0,1.0,1.0,
E_ABRTW-1,sRLS,1.0,,1.0,1.0,1.0,
E_ABRTW-1,RMLE,1.0,,1.0,1.0,1.0,
E_ABRTW-1,sRMLE,1.0,,1.0,1.0,1.0,
E_ABRTW-1,Bayes,1.0,,1.0,1.0,1.0,
E_ABRTW-1,Ada Bayes,1.0,,1.0,1.0,1.0,
E_ASHWW-1,Persistent,1.0,1.0,1.0,1.0,1.0,1.0
E_ASHWW-1,AR Logit Default,1.0,1.0,1.0,1.0,1.0,1.0
E_ASHWW-1,AR Flx Logit,1.0,1.0,1.0,1.0,1.0,1.0
E_ASHWW-1,RLS,1.0,1.0,1.0,1.0,1.0,1.0
E_ASHWW-1,sRLS,1.0,1.0,1.0,1.0,1.0,1.0
E_ASHWW-1,RMLE,1.0,1.0,1.0,1.0,1.0,1.0
E_ASHWW-1,sRMLE,1.0,1.0,1.0,1.0,1.0,1.0
E_ASHWW-1,Bayes,1.0,1.0,1.0,1.0,1.0,1.0
E_ASHWW-1,Ada Bayes,1.0,1.0,1.0,1.0,1.0,1.0
E_BABAW-1,Persistent,1.0,1.0,1.0,1.0,,
E_BABAW-1,AR Logit Default,1.0,1.0,1.0,1.0,,
E_BABAW-1,AR Flx Logit,1.0,1.0,1.0,1.0,,
E_BABAW-1,RLS,1.0,1.0,1.0,1.0,,
E_BABAW-1,sRLS,1.0,1.0,1.0,1.0,,
E_BABAW-1,RMLE,1.0,1.0,1.0,1.0,,
E_BABAW-1,sRMLE,1.0,1.0,1.0,1.0,,
E_BABAW-1,Bayes,1.0,1.0,1.0,1.0,,
E_BABAW-1,Ada Bayes,1.0,1.0,1.0,1.0,,
E_BETHW-1,Persistent,1.0,,1.0,1.0,1.0,
E_BETHW-1,AR Logit Default,1.0,,1.0,1.0,1.0,
E_BETHW-1,AR Flx Logit,1.0,,1.0,1.0,1.0,
E_BETHW-1,RLS,1.0,,1.0,1.0,1.0,
E_BETHW-1,sRLS,1.0,,1.0,1.0,1.0,
E_BETHW-1,RMLE,1.0,,1.0,1.0,1.0,
E_BETHW-1,sRMLE,1.0,,1.0,1.0,1.0,
E_BETHW-1,Bayes,1.0,,1.0,1.0,1.0,
E_BETHW-1,Ada Bayes,1.0,,1.0,1.0,1.0,
E_BNWKW-1,Persistent,1.0,,1.0,1.0,,
E_BNWKW-1,AR Logit Default,1.0,,1.0,1.0,,
E_BNWKW-1,AR Flx Logit,1.0,,1.0,1.0,,
E_BNWKW-1,RLS,1.0,,1.0,1.0,,
E_BNWKW-1,sRLS,1.0,,1.0,1.0,,
E_BNWKW-1,RMLE,1.0,,1.0,1.0,,
E_BNWKW-1,sRMLE,1.0,,1.0,1.0,,
E_BNWKW-1,Bayes,1.0,,1.0,1.0,,
E_BNWKW-1,Ada Bayes,1.0,,1.0,1.0,,
E_BRDUW-1,Persistent,1.0,,1.0,1.0,,
E_BRDUW-1,AR Logit Default,1.0,,1.0,1.0,,
E_BRDUW-1,AR Flx Logit,1.0,,1.0,1.0,,
E_BRDUW-1,RLS,1.0,,1.0,1.0,,
E_BRDUW-1,sRLS,1.0,,1.0,1.0,,
E_BRDUW-1,RMLE,1.0,,1.0,1.0,,
E_BRDUW-1,sRMLE,1.0,,1.0,1.0,,
E_BRDUW-1,Bayes,1.0,,1.0,1.0,,
E_BRDUW-1,Ada Bayes,1.0,,1.0,1.0,,
E_BRYBW-1,Persistent,1.0,1.0,1.0,1.0,,1.0
E_BRYBW-1,AR Logit Default,1.0,1.0,1.0,1.0,,1.0
E_BRYBW-1,AR Flx Logit,1.0,1.0,1.0,1.0,,1.0
E_BRYBW-1,RLS,1.0,1.0,1.0,1.0,,1.0
E_BRYBW-1,sRLS,1.0,1.0,1.0,1.0,,1.0
E_BRYBW-1,RMLE,1.0,1.0,1.0,1.0,,1.0
E_BRYBW-1,sRMLE,1.0,1.0,1.0,1.0,,1.0
E_BRYBW-1,Bayes,1.0,1.0,1.0,1.0,,1.0
E_BRYBW-1,Ada Bayes,1.0,1.0,1.0,1.0,,1.0
E_BTUIW-2,Persistent,1.0,1.0,,,,
E_BTUIW-2,AR Logit Default,1.0,1.0,,,,
E_BTUIW-2,AR Flx Logit,1.0,1.0,,,,
E_BTUIW-2,RLS,1.0,1.0,,,,
E_BTUIW-2,sRLS,1.0,1.0,,,,
E_BTUIW-2,RMLE,1.0,1.0,,,,
E_BTUIW-2,sRMLE,1.0,1.0,,,,
E_BTUIW-2,Bayes,1.0,1.0,,,,
E_BTUIW-2,Ada Bayes,1.0,1.0,,,,
E_BURBO,Persistent,1.0,1.0,1.0,,1.0,
E_BURBO,AR Logit Default,1.0,1.0,1.0,,1.0,
E_BURBO,AR Flx Logit,1.0,1.0,1.0,,1.0,
E_BURBO,RLS,1.0,1.0,1.0,,1.0,
E_BURBO,sRLS,1.0,1.0,1.0,,1.0,
E_BURBO,RMLE,1.0,1.0,1.0,,1.0,
E_BURBO,sRMLE,1.0,1.0,1.0,,1.0,
E_BURBO,Bayes,1.0,1.0,1.0,,1.0,
E_BURBO,Ada Bayes,1.0,1.0,1.0,,1.0,
E_CLDRW-1,Persistent,1.0,,1.0,,1.0,1.0
E_CLDRW-1,AR Logit Default,1.0,,1.0,,1.0,1.0
E_CLDRW-1,AR Flx Logit,1.0,,1.0,,1.0,1.0
E_CLDRW-1,RLS,1.0,,1.0,,1.0,1.0
E_CLDRW-1,sRLS,1.0,,1.0,,1.0,1.0
E_CLDRW-1,RMLE,1.0,,1.0,,1.0,1.0
E_CLDRW-1,sRMLE,1.0,,1.0,,1.0,1.0
E_CLDRW-1,Bayes,1.0,,1.0,,1.0,1.0
E_CLDRW-1,Ada Bayes,1.0,,1.0,,1.0,1.0
E_CLFLW-1,Persistent,1.0,1.0,1.0,,1.0,
E_CLFLW-1,AR Logit Default,1.0,1.0,1.0,,1.0,
E_CLFLW-1,AR Flx Logit,1.0,1.0,1.0,,1.0,
E_CLFLW-1,RLS,1.0,1.0,1.0,,1.0,
E_CLFLW-1,sRLS,1.0,1.0,1.0,,1.0,
E_CLFLW-1,RMLE,1.0,1.0,1.0,,1.0,
E_CLFLW-1,sRMLE,1.0,1.0,1.0,,1.0,
E_CLFLW-1,Bayes,1.0,1.0,1.0,,1.0,
E_CLFLW-1,Ada Bayes,1.0,1.0,1.0,,1.0,
E_DALSW-1,Persistent,1.0,1.0,1.0,1.0,,
E_DALSW-1,AR Logit Default,1.0,1.0,1.0,1.0,,
E_DALSW-1,AR Flx Logit,1.0,1.0,1.0,1.0,,
E_DALSW-1,RLS,1.0,1.0,1.0,1.0,,
E_DALSW-1,sRLS,1.0,1.0,1.0,1.0,,
E_DALSW-1,RMLE,1.0,1.0,1.0,1.0,,
E_DALSW-1,sRMLE,1.0,1.0,1.0,1.0,,
E_DALSW-1,Bayes,1.0,1.0,1.0,1.0,,
E_DALSW-1,Ada Bayes,1.0,1.0,1.0,1.0,,
E_GDSTW-1,Persistent,1.0,,1.0,1.0,1.0,
E_GDSTW-1,AR Logit Default,1.0,,1.0,1.0,1.0,
E_GDSTW-1,AR Flx Logit,1.0,,1.0,1.0,1.0,
E_GDSTW-1,RLS,1.0,,1.0,1.0,1.0,
E_GDSTW-1,sRLS,1.0,,1.0,1.0,1.0,
E_GDSTW-1,RMLE,1.0,,1.0,1.0,1.0,
E_GDSTW-1,sRMLE,1.0,,1.0,1.0,1.0,
E_GDSTW-1,Bayes,1.0,,1.0,1.0,1.0,
E_GDSTW-1,Ada Bayes,1.0,,1.0,1.0,1.0,
E_GFLDW-1,Persistent,1.0,1.0,1.0,,1.0,
E_GFLDW-1,AR Logit Default,1.0,1.0,1.0,,1.0,
E_GFLDW-1,AR Flx Logit,1.0,1.0,1.0,,1.0,
E_GFLDW-1,RLS,1.0,1.0,1.0,,1.0,
E_GFLDW-1,sRLS,1.0,1.0,1.0,,1.0,
E_GFLDW-1,RMLE,1.0,1.0,1.0,,1.0,
E_GFLDW-1,sRMLE,1.0,1.0,1.0,,1.0,
E_GFLDW-1,Bayes,1.0,1.0,1.0,,1.0,
E_GFLDW-1,Ada Bayes,1.0,1.0,1.0,,1.0,
E_GLOFW-1,Persistent,1.0,1.0,1.0,,1.0,1.0
E_GLOFW-1,AR Logit Default,1.0,1.0,1.0,,1.0,1.0
E_GLOFW-1,AR Flx Logit,1.0,1.0,1.0,,1.0,1.0
E_GLOFW-1,RLS,1.0,1.0,1.0,,1.0,1.0
E_GLOFW-1,sRLS,1.0,1.0,1.0,,1.0,1.0
E_GLOFW-1,RMLE,1.0,1.0,1.0,,1.0,1.0
E_GLOFW-1,sRMLE,1.0,1.0,1.0,,1.0,1.0
E_GLOFW-1,Bayes,1.0,1.0,1.0,,1.0,1.0
E_GLOFW-1,Ada Bayes,1.0,1.0,1.0,,1.0,1.0
E_HBHDW-1,Persistent,1.0,,1.0,,1.0,
E_HBHDW-1,AR Logit Default,1.0,,1.0,,1.0,
E_HBHDW-1,AR Flx Logit,1.0,,1.0,,1.0,
E_HBHDW-1,RLS,1.0,,1.0,,1.0,
E_HBHDW-1,sRLS,1.0,,1.0,,1.0,
E_HBHDW-1,RMLE,1.0,,1.0,,1.0,
E_HBHDW-1,sRMLE,1.0,,1.0,,1.0,
E_HBHDW-1,Bayes,1.0,,1.0,,1.0,
E_HBHDW-1,Ada Bayes,1.0,,1.0,,1.0,
E_HLGLW-1,Persistent,1.0,1.0,1.0,1.0,,
E_HLGLW-1,AR Logit Default,1.0,1.0,1.0,1.0,,
E_HLGLW-1,AR Flx Logit,1.0,1.0,1.0,1.0,,
E_HLGLW-1,RLS,1.0,1.0,1.0,1.0,,
E_HLGLW-1,sRLS,1.0,1.0,1.0,1.0,,
E_HLGLW-1,RMLE,1.0,1.0,1.0,1.0,,
E_HLGLW-1,sRMLE,1.0,1.0,1.0,1.0,,
E_HLGLW-1,Bayes,1.0,1.0,1.0,1.0,,
E_HLGLW-1,Ada Bayes,1.0,1.0,1.0,1.0,,
E_HLTWW-1,Persistent,1.0,1.0,1.0,1.0,1.0,1.0
E_HLTWW-1,AR Logit Default,1.0,1.0,1.0,1.0,1.0,1.0
E_HLTWW-1,AR Flx Logit,1.0,1.0,1.0,1.0,1.0,1.0
E_HLTWW-1,RLS,1.0,1.0,1.0,1.0,1.0,1.0
E_HLTWW-1,sRLS,1.0,1.0,1.0,1.0,1.0,1.0
E_HLTWW-1,RMLE,1.0,1.0,1.0,1.0,1.0,1.0
E_HLTWW-1,sRMLE,1.0,1.0,1.0,1.0,1.0,1.0
E_HLTWW-1,Bayes,1.0,1.0,1.0,1.0,1.0,1.0
E_HLTWW-1,Ada Bayes,1.0,1.0,1.0,1.0,1.0,1.0
E_HYWDW-1,Persistent,1.0,1.0,1.0,,1.0,
E_HYWDW-1,AR Logit Default,1.0,1.0,1.0,,1.0,
E_HYWDW-1,AR Flx Logit,1.0,1.0,1.0,,1.0,
E_HYWDW-1,RLS,1.0,1.0,1.0,,1.0,
E_HYWDW-1,sRLS,1.0,1.0,1.0,,1.0,
E_HYWDW-1,RMLE,1.0,1.0,1.0,,1.0,
E_HYWDW-1,sRMLE,1.0,1.0,1.0,,1.0,
E_HYWDW-1,Bayes,1.0,1.0,1.0,,1.0,
E_HYWDW-1,Ada Bayes,1.0,1.0,1.0,,1.0,
E_MINSW-1,Persistent,1.0,,1.0,1.0,,
E_MINSW-1,AR Logit Default,1.0,,1.0,1.0,,
E_MINSW-1,AR Flx Logit,1.0,,1.0,1.0,,
E_MINSW-1,RLS,1.0,,1.0,1.0,,
E_MINSW-1,sRLS,1.0,,1.0,1.0,,
E_MINSW-1,RMLE,1.0,,1.0,1.0,,
E_MINSW-1,sRMLE,1.0,,1.0,1.0,,
E_MINSW-1,Bayes,1.0,,1.0,1.0,,
E_MINSW-1,Ada Bayes,1.0,,1.0,1.0,,
E_TLYMW-1,Persistent,1.0,,1.0,,1.0,
E_TLYMW-1,AR Logit Default,1.0,,1.0,,1.0,
E_TLYMW-1,AR Flx Logit,1.0,,1.0,,1.0,
E_TLYMW-1,RLS,1.0,,1.0,,1.0,
E_TLYMW-1,sRLS,1.0,,1.0,,1.0,
E_TLYMW-1,RMLE,1.0,,1.0,,1.0,
E_TLYMW-1,sRMLE,1.0,,1.0,,1.0,
E_TLYMW-1,Bayes,1.0,,1.0,,1.0,
E_TLYMW-1,Ada Bayes,1.0,,1.0,,1.0,
E_TULWW-1,Persistent,1.0,1.0,1.0,,,1.0
E_TULWW-1,AR Logit Default,1.0,1.0,1.0,,,1.0
E_TULWW-1,AR Flx Logit,1.0,1.0,1.0,,,1.0
E_TULWW-1,RLS,1.0,1.0,1.0,,,1.0
E_TULWW-1,sRLS,1.0,1.0,1.0,,,1.0
E_TULWW-1,RMLE,1.0,1.0,1.0,,,1.0
E_TULWW-1,sRMLE,1.0,1.0,1.0,,,1.0
E_TULWW-1,Bayes,1.0,1.0,1.0,,,1.0
E_TULWW-1,Ada Bayes,1.0,1.0,1.0,,,1.0
E_TULWW-2,Persistent,1.0,,1.0,,,
E_TULWW-2,AR Logit Default,1.0,,1.0,,,
E_TULWW-2,AR Flx Logit,1.0,,1.0,,,
E_TULWW-2,RLS,1.0,,1.0,,,
E_TULWW-2,sRLS,1.0,,1.0,,,
E_TULWW-2,RMLE,1.0,,1.0,,,
E_TULWW-2,sRMLE,1.0,,1.0,,,
E_TULWW-2,Bayes,1.0,,1.0,,,
E_TULWW-2,Ada Bayes,1.0,,1.0,,,
T_ABRBO-1,Persistent,1.0,1.0,1.0,,,
T_ABRBO-1,AR Logit Default,1.0,1.0,1.0,,,
T_ABRBO-1,AR Flx Logit,1.0,1.0,1.0,,,
T_ABRBO-1,RLS,1.0,1.0,1.0,,,
T_ABRBO-1,sRLS,1.0,1.0,1.0,,,
T_ABRBO-1,RMLE,1.0,1.0,1.0,,,
T_ABRBO-1,sRMLE,1.0,1.0,1.0,,,
T_ABRBO-1,Bayes,1.0,1.0,1.0,,,
T_ABRBO-1,Ada Bayes,1.0,1.0,1.0,,,
T_ACHRW-1,Persistent,1.0,1.0,1.0,1.0,1.0,
T_ACHRW-1,AR Logit Default,1.0,1.0,1.0,1.0,1.0,
T_ACHRW-1,AR Flx Logit,1.0,1.0,1.0,1.0,1.0,
T_ACHRW-1,RLS,1.0,1.0,1.0,1.0,1.0,
T_ACHRW-1,sRLS,1.0,1.0,1.0,1.0,1.0,
T_ACHRW-1,RMLE,1.0,1.0,1.0,1.0,1.0,
T_ACHRW-1,sRMLE,1.0,1.0,1.0,1.0,1.0,
T_ACHRW-1,Bayes,1.0,1.0,1.0,1.0,1.0,
T_ACHRW-1,Ada Bayes,1.0,1.0,1.0,1.0,1.0,
T_AKGLW-2,Persistent,1.0,,,,,1.0
T_AKGLW-2,AR Logit Default,1.0,,,,,1.0
T_AKGLW-2,AR Flx Logit,1.0,,,,,1.0
T_AKGLW-2,RLS,1.0,,,,,1.0
T_AKGLW-2,sRLS,1.0,,,,,1.0
T_AKGLW-2,RMLE,1.0,,,,,1.0
T_AKGLW-2,sRMLE,1.0,,,,,1.0
T_AKGLW-2,Bayes,1.0,,,,,1.0
T_AKGLW-2,Ada Bayes,1.0,,,,,1.0
T_ANSUW-1,Persistent,1.0,1.0,1.0,,,1.0
T_ANSUW-1,AR Logit Default,1.0,1.0,1.0,,,1.0
T_ANSUW-1,AR Flx Logit,1.0,1.0,1.0,,,1.0
T_ANSUW-1,RLS,1.0,1.0,1.0,,,1.0
T_ANSUW-1,sRLS,1.0,1.0,1.0,,,1.0
T_ANSUW-1,RMLE,1.0,1.0,1.0,,,1.0
T_ANSUW-1,sRMLE,1.0,1.0,1.0,,,1.0
T_ANSUW-1,Bayes,1.0,1.0,1.0,,,1.0
T_ANSUW-1,Ada Bayes,1.0,1.0,1.0,,,1.0
T_ARCHW-1,Persistent,1.0,1.0,,1.0,1.0,
T_ARCHW-1,AR Logit Default,1.0,1.0,,1.0,1.0,
T_ARCHW-1,AR Flx Logit,1.0,1.0,,1.0,1.0,
T_ARCHW-1,RLS,1.0,1.0,,1.0,1.0,
T_ARCHW-1,sRLS,1.0,1.0,,1.0,1.0,
T_ARCHW-1,RMLE,1.0,1.0,,1.0,1.0,
T_ARCHW-1,sRMLE,1.0,1.0,,1.0,1.0,
T_ARCHW-1,Bayes,1.0,1.0,,1.0,1.0,
T_ARCHW-1,Ada Bayes,1.0,1.0,,1.0,1.0,
T_BEATO-1,Persistent,1.0,1.0,1.0,,,
T_BEATO-1,AR Logit Default,1.0,1.0,1.0,,,
T_BEATO-1,AR Flx Logit,1.0,1.0,1.0,,,
T_BEATO-1,RLS,1.0,1.0,1.0,,,
T_BEATO-1,sRLS,1.0,1.0,1.0,,,
T_BEATO-1,RMLE,1.0,1.0,1.0,,,
T_BEATO-1,sRMLE,1.0,1.0,1.0,,,
T_BEATO-1,Bayes,1.0,1.0,1.0,,,
T_BEATO-1,Ada Bayes,1.0,1.0,1.0,,,
T_BEATO-2,Persistent,1.0,,1.0,,,
T_BEATO-2,AR Logit Default,1.0,,1.0,,,
T_BEATO-2,AR Flx Logit,1.0,,1.0,,,
T_BEATO-2,RLS,1.0,,1.0,,,
T_BEATO-2,sRLS,1.0,,1.0,,,
T_BEATO-2,RMLE,1.0,,1.0,,,
T_BEATO-2,sRMLE,1.0,,1.0,,,
T_BEATO-2,Bayes,1.0,,1.0,,,
T_BEATO-2,Ada Bayes,1.0,,1.0,,,
T_BEATO-3,Persistent,1.0,1.0,1.0,,1.0,
T_BEATO-3,AR Logit Default,1.0,1.0,1.0,,1.0,
T_BEATO-3,AR Flx Logit,1.0,1.0,1.0,,1.0,
T_BEATO-3,RLS,1.0,1.0,1.0,,1.0,
T_BEATO-3,sRLS,1.0,1.0,1.0,,1.0,
T_BEATO-3,RMLE,1.0,1.0,1.0,,1.0,
T_BEATO-3,sRMLE,1.0,1.0,1.0,,1.0,
T_BEATO-3,Bayes,1.0,1.0,1.0,,1.0,
T_BEATO-3,Ada Bayes,1.0,1.0,1.0,,1.0,
T_BEATO-4,Persistent,1.0,1.0,1.0,1.0,1.0,
T_BEATO-4,AR Logit Default,1.0,1.0,1.0,1.0,1.0,
T_BEATO-4,AR Flx Logit,1.0,1.0,1.0,1.0,1.0,
T_BEATO-4,RLS,1.0,1.0,1.0,1.0,1.0,
T_BEATO-4,sRLS,1.0,1.0,1.0,1.0,1.0,
T_BEATO-4,RMLE,1.0,1.0,1.0,1.0,1.0,
T_BEATO-4,sRMLE,1.0,1.0,1.0,1.0,1.0,
T_BEATO-4,Bayes,1.0,1.0,1.0,1.0,1.0,
T_BEATO-4,Ada Bayes,1.0,1.0,1.0,1.0,1.0,
T_BEINW-1,Persistent,1.0,,1.0,,,
T_BEINW-1,AR Logit Default,1.0,,1.0,,,
T_BEINW-1,AR Flx Logit,1.0,,1.0,,,
T_BEINW-1,RLS,1.0,,1.0,,,
T_BEINW-1,sRLS,1.0,,1.0,,,
T_BEINW-1,RMLE,1.0,,1.0,,,
T_BEINW-1,sRMLE,1.0,,1.0,,,
T_BEINW-1,Bayes,1.0,,1.0,,,
T_BEINW-1,Ada Bayes,1.0,,1.0,,,
T_BHLAW-1,Persistent,1.0,,1.0,1.0,1.0,
T_BHLAW-1,AR Logit Default,1.0,,1.0,1.0,1.0,
T_BHLAW-1,AR Flx Logit,1.0,,1.0,1.0,1.0,
T_BHLAW-1,RLS,1.0,,1.0,1.0,1.0,
T_BHLAW-1,sRLS,1.0,,1.0,1.0,1.0,
T_BHLAW-1,RMLE,1.0,,1.0,1.0,1.0,
T_BHLAW-1,sRMLE,1.0,,1.0,1.0,1.0,
T_BHLAW-1,Bayes,1.0,,1.0,1.0,1.0,
T_BHLAW-1,Ada Bayes,1.0,,1.0,1.0,1.0,
T_BLKWW-1,Persistent,1.0,1.0,1.0,,1.0,
T_BLKWW-1,AR Logit Default,1.0,1.0,1.0,,1.0,
T_BLKWW-1,AR Flx Logit,1.0,1.0,1.0,,1.0,
T_BLKWW-1,RLS,1.0,1.0,1.0,,1.0,
T_BLKWW-1,sRLS,1.0,1.0,1.0,,1.0,
T_BLKWW-1,RMLE,1.0,1.0,1.0,,1.0,
T_BLKWW-1,sRMLE,1.0,1.0,1.0,,1.0,
T_BLKWW-1,Bayes,1.0,1.0,1.0,,1.0,
T_BLKWW-1,Ada Bayes,1.0,1.0,1.0,,1.0,
T_BLLA-1,Persistent,1.0,,1.0,1.0,,1.0
T_BLLA-1,AR Logit Default,1.0,,1.0,1.0,,1.0
T_BLLA-1,AR Flx Logit,1.0,,1.0,1.0,,1.0
T_BLLA-1,RLS,1.0,,1.0,1.0,,1.0
T_BLLA-1,sRLS,1.0,,1.0,1.0,,1.0
T_BLLA-1,RMLE,1.0,,1.0,1.0,,1.0
T_BLLA-1,sRMLE,1.0,,1.0,1.0,,1.0
T_BLLA-1,Bayes,1.0,,1.0,1.0,,1.0
T_BLLA-1,Ada Bayes,1.0,,1.0,1.0,,1.0
T_BLLA-2,Persistent,1.0,1.0,1.0,1.0,,
T_BLLA-2,AR Logit Default,1.0,1.0,1.0,1.0,,
T_BLLA-2,AR Flx Logit,1.0,1.0,1.0,1.0,,
T_BLLA-2,RLS,1.0,1.0,1.0,1.0,,
T_BLLA-2,sRLS,1.0,1.0,1.0,1.0,,
T_BLLA-2,RMLE,1.0,1.0,1.0,1.0,,
T_BLLA-2,sRMLE,1.0,1.0,1.0,1.0,,
T_BLLA-2,Bayes,1.0,1.0,1.0,1.0,,
T_BLLA-2,Ada Bayes,1.0,1.0,1.0,1.0,,
T_BOWLW-1,Persistent,1.0,1.0,1.0,,,
T_BOWLW-1,AR Logit Default,1.0,1.0,1.0,,,
T_BOWLW-1,AR Flx Logit,1.0,1.0,1.0,,,
T_BOWLW-1,RLS,1.0,1.0,1.0,,,
T_BOWLW-1,sRLS,1.0,1.0,1.0,,,
T_BOWLW-1,RMLE,1.0,1.0,1.0,,,
T_BOWLW-1,sRMLE,1.0,1.0,1.0,,,
T_BOWLW-1,Bayes,1.0,1.0,1.0,,,
T_BOWLW-1,Ada Bayes,1.0,1.0,1.0,,,
T_BRBEO-1,Persistent,1.0,1.0,1.0,,,
T_BRBEO-1,AR Logit Default,1.0,1.0,1.0,,,
T_BRBEO-1,AR Flx Logit,1.0,1.0,1.0,,,
T_BRBEO-1,RLS,1.0,1.0,1.0,,,
T_BRBEO-1,sRLS,1.0,1.0,1.0,,,
T_BRBEO-1,RMLE,1.0,1.0,1.0,,,
T_BRBEO-1,sRMLE,1.0,1.0,1.0,,,
T_BRBEO-1,Bayes,1.0,1.0,1.0,,,
T_BRBEO-1,Ada Bayes,1.0,1.0,1.0,,,
T_CGTHW-1,Persistent,1.0,,1.0,1.0,1.0,1.0
T_CGTHW-1,AR Logit Default,1.0,,1.0,1.0,1.0,1.0
T_CGTHW-1,AR Flx Logit,1.0,,1.0,1.0,1.0,1.0
T_CGTHW-1,RLS,1.0,,1.0,1.0,1.0,1.0
T_CGTHW-1,sRLS,1.0,,1.0,1.0,1.0,1.0
T_CGTHW-1,RMLE,1.0,,1.0,1.0,1.0,1.0
T_CGTHW-1,sRMLE,1.0,,1.0,1.0,1.0,1.0
T_CGTHW-1,Bayes,1.0,,1.0,1.0,1.0,1.0
T_CGTHW-1,Ada Bayes,1.0,,1.0,1.0,1.0,1.0
T_CLDCW-1,Persistent,1.0,1.0,1.0,1.0,1.0,1.0
T_CLDCW-1,AR Logit Default,1.0,1.0,1.0,1.0,1.0,1.0
T_CLDCW-1,AR Flx Logit,1.0,1.0,1.0,1.0,1.0,1.0
T_CLDCW-1,RLS,1.0,1.0,1.0,1.0,1.0,1.0
T_CLDCW-1,sRLS,1.0,1.0,1.0,1.0,1.0,1.0
T_CLDCW-1,RMLE,1.0,1.0,1.0,1.0,1.0,1.0
T_CLDCW-1,sRMLE,1.0,1.0,1.0,1.0,1.0,1.0
T_CLDCW-1,Bayes,1.0,1.0,1.0,1.0,1.0,1.0
T_CLDCW-1,Ada Bayes,1.0,1.0,1.0,1.0,1.0,1.0
T_CLDNW-1,Persistent,1.0,1.0,1.0,,1.0,1.0
T_CLDNW-1,AR Logit Default,1.0,1.0,1.0,,1.0,1.0
T_CLDNW-1,AR Flx Logit,1.0,1.0,1.0,,1.0,1.0
T_CLDNW-1,RLS,1.0,1.0,1.0,,1.0,1.0
T_CLDNW-1,sRLS,1.0,1.0,1.0,,1.0,1.0
T_CLDNW-1,RMLE,1.0,1.0,1.0,,1.0,1.0
T_CLDNW-1,sRMLE,1.0,1.0,1.0,,1.0,1.0
T_CLDNW-1,Bayes,1.0,1.0,1.0,,1.0,1.0
T_CLDNW-1,Ada Bayes,1.0,1.0,1.0,,1.0,1.0
T_CLDSW-1,Persistent,1.0,1.0,,1.0,,
T_CLDSW-1,AR Logit Default,1.0,1.0,,1.0,,
T_CLDSW-1,AR Flx Logit,1.0,1.0,,1.0,,
T_CLDSW-1,RLS,1.0,1.0,,1.0,,
T_CLDSW-1,sRLS,1.0,1.0,,1.0,,
T_CLDSW-1,RMLE,1.0,1.0,,1.0,,
T_CLDSW-1,sRMLE,1.0,1.0,,1.0,,
T_CLDSW-1,Bayes,1.0,1.0,,1.0,,
T_CLDSW-1,Ada Bayes,1.0,1.0,,1.0,,
T_COUWW-1,Persistent,1.0,1.0,1.0,1.0,,
T_COUWW-1,AR Logit Default,1.0,1.0,1.0,1.0,,
T_COUWW-1,AR Flx Logit,1.0,1.0,1.0,1.0,,
T_COUWW-1,RLS,1.0,1.0,1.0,1.0,,
T_COUWW-1,sRLS,1.0,1.0,1.0,1.0,,
T_COUWW-1,RMLE,1.0,1.0,1.0,1.0,,
T_COUWW-1,sRMLE,1.0,1.0,1.0,1.0,,
T_COUWW-1,Bayes,1.0,1.0,1.0,1.0,,
T_COUWW-1,Ada Bayes,1.0,1.0,1.0,1.0,,
T_CRGHW-1,Persistent,1.0,,1.0,,,
T_CRGHW-1,AR Logit Default,1.0,,1.0,,,
T_CRGHW-1,AR Flx Logit,1.0,,1.0,,,
T_CRGHW-1,RLS,1.0,,1.0,,,
T_CRGHW-1,sRLS,1.0,,1.0,,,
T_CRGHW-1,RMLE,1.0,,1.0,,,
T_CRGHW-1,sRMLE,1.0,,1.0,,,
T_CRGHW-1,Bayes,1.0,,1.0,,,
T_CRGHW-1,Ada Bayes,1.0,,1.0,,,
T_CRMLW-1,Persistent,1.0,,1.0,1.0,1.0,
T_CRMLW-1,AR Logit Default,1.0,,1.0,1.0,1.0,
T_CRMLW-1,AR Flx Logit,1.0,,1.0,1.0,1.0,
T_CRMLW-1,RLS,1.0,,1.0,1.0,1.0,
T_CRMLW-1,sRLS,1.0,,1.0,1.0,1.0,
T_CRMLW-1,RMLE,1.0,,1.0,1.0,1.0,
T_CRMLW-1,sRMLE,1.0,,1.0,1.0,1.0,
T_CRMLW-1,Bayes,1.0,,1.0,1.0,1.0,
T_CRMLW-1,Ada Bayes,1.0,,1.0,1.0,1.0,
T_CRYRW-2,Persistent,1.0,1.0,1.0,,,
T_CRYRW-2,AR Logit Default,1.0,1.0,1.0,,,
T_CRYRW-2,AR Flx Logit,1.0,1.0,1.0,,,
T_CRYRW-2,RLS,1.0,1.0,1.0,,,
T_CRYRW-2,sRLS,1.0,1.0,1.0,,,
T_CRYRW-2,RMLE,1.0,1.0,1.0,,,
T_CRYRW-2,sRMLE,1.0,1.0,1.0,,,
T_CRYRW-2,Bayes,1.0,1.0,1.0,,,
T_CRYRW-2,Ada Bayes,1.0,1.0,1.0,,,
T_DDGNO-1,Persistent,1.0,1.0,1.0,1.0,1.0,
T_DDGNO-1,AR Logit Default,1.0,1.0,1.0,1.0,1.0,
T_DDGNO-1,AR Flx Logit,1.0,1.0,1.0,1.0,1.0,
T_DDGNO-1,RLS,1.0,1.0,1.0,1.0,1.0,
T_DDGNO-1,sRLS,1.0,1.0,1.0,1.0,1.0,
T_DDGNO-1,RMLE,1.0,1.0,1.0,1.0,1.0,
T_DDGNO-1,sRMLE,1.0,1.0,1.0,1.0,1.0,
T_DDGNO-1,Bayes,1.0,1.0,1.0,1.0,1.0,
T_DDGNO-1,Ada Bayes,1.0,1.0,1.0,1.0,1.0,
T_DDGNO-2,Persistent,1.0,1.0,,1.0,,
T_DDGNO-2,AR Logit Default,1.0,1.0,,1.0,,
T_DDGNO-2,AR Flx Logit,1.0,1.0,,1.0,,
T_DDGNO-2,RLS,1.0,1.0,,1.0,,
T_DDGNO-2,sRLS,1.0,1.0,,1.0,,
T_DDGNO-2,RMLE,1.0,1.0,,1.0,,
T_DDGNO-2,sRMLE,1.0,1.0,,1.0,,
T_DDGNO-2,Bayes,1.0,1.0,,1.0,,
T_DDGNO-2,Ada Bayes,1.0,1.0,,1.0,,
T_DDGNO-3,Persistent,1.0,1.0,1.0,1.0,1.0,1.0
T_DDGNO-3,AR Logit Default,1.0,1.0,1.0,1.0,1.0,1.0
T_DDGNO-3,AR Flx Logit,1.0,1.0,1.0,1.0,1.0,1.0
T_DDGNO-3,RLS,1.0,1.0,1.0,1.0,1.0,1.0
T_DDGNO-3,sRLS,1.0,1.0,1.0,1.0,1.0,1.0
T_DDGNO-3,RMLE,1.0,1.0,1.0,1.0,1.0,1.0
T_DDGNO-3,sRMLE,1.0,1.0,1.0,1.0,1.0,1.0
T_DDGNO-3,Bayes,1.0,1.0,1.0,1.0,1.0,1.0
T_DDGNO-3,Ada Bayes,1.0,1.0,1.0,1.0,1.0,1.0
T_DDGNO-4,Persistent,1.0,1.0,1.0,1.0,1.0,
T_DDGNO-4,AR Logit Default,1.0,1.0,1.0,1.0,1.0,
T_DDGNO-4,AR Flx Logit,1.0,1.0,1.0,1.0,1.0,
T_DDGNO-4,RLS,1.0,1.0,1.0,1.0,1.0,
T_DDGNO-4,sRLS,1.0,1.0,1.0,1.0,1.0,
T_DDGNO-4,RMLE,1.0,1.0,1.0,1.0,1.0,
T_DDGNO-4,sRMLE,1.0,1.0,1.0,1.0,1.0,
T_DDGNO-4,Bayes,1.0,1.0,1.0,1.0,1.0,
T_DDGNO-4,Ada Bayes,1.0,1.0,1.0,1.0,1.0,
T_DRSLW-1,Persistent,1.0,1.0,,1.0,,1.0
T_DRSLW-1,AR Logit Default,1.0,1.0,,1.0,,1.0
T_DRSLW-1,AR Flx Logit,1.0,1.0,,1.0,,1.0
T_DRSLW-1,RLS,1.0,1.0,,1.0,,1.0
T_DRSLW-1,sRLS,1.0,1.0,,1.0,,1.0
T_DRSLW-1,RMLE,1.0,1.0,,1.0,,1.0
T_DRSLW-1,sRMLE,1.0,1.0,,1.0,,1.0
T_DRSLW-1,Bayes,1.0,1.0,,1.0,,1.0
T_DRSLW-1,Ada Bayes,1.0,1.0,,1.0,,1.0
T_DUNGW-1,Persistent,1.0,1.0,1.0,,,1.0
T_DUNGW-1,AR Logit Default,1.0,1.0,1.0,,,1.0
T_DUNGW-1,AR Flx Logit,1.0,1.0,1.0,,,1.0
T_DUNGW-1,RLS,1.0,1.0,1.0,,,1.0
T_DUNGW-1,sRLS,1.0,1.0,1.0,,,1.0
T_DUNGW-1,RMLE,1.0,1.0,1.0,,,1.0
T_DUNGW-1,sRMLE,1.0,1.0,1.0,,,1.0
T_DUNGW-1,Bayes,1.0,1.0,1.0,,,1.0
T_DUNGW-1,Ada Bayes,1.0,1.0,1.0,,,1.0
T_EAAO-1,Persistent,1.0,1.0,,1.0,1.0,1.0
T_EAAO-1,AR Logit Default,1.0,1.0,,1.0,1.0,1.0
T_EAAO-1,AR Flx Logit,1.0,1.0,,1.0,1.0,1.0
T_EAAO-1,RLS,1.0,1.0,,1.0,1.0,1.0
T_EAAO-1,sRLS,1.0,1.0,,1.0,1.0,1.0
T_EAAO-1,RMLE,1.0,1.0,,1.0,1.0,1.0
T_EAAO-1,sRMLE,1.0,1.0,,1.0,1.0,1.0
T_EAAO-1,Bayes,1.0,1.0,,1.0,1.0,1.0
T_EAAO-1,Ada Bayes,1.0,1.0,,1.0,1.0,1.0
T_EAAO-2,Persistent,1.0,1.0,,,,1.0
T_EAAO-2,AR Logit Default,1.0,1.0,,,,1.0
T_EAAO-2,AR Flx Logit,1.0,1.0,,,,1.0
T_EAAO-2,RLS,1.0,1.0,,,,1.0
T_EAAO-2,sRLS,1.0,1.0,,,,1.0
T_EAAO-2,RMLE,1.0,1.0,,,,1.0
T_EAAO-2,sRMLE,1.0,1.0,,,,1.0
T_EAAO-2,Bayes,1.0,1.0,,,,1.0
T_EAAO-2,Ada Bayes,1.0,1.0,,,,1.0
T_EDINW-1,Persistent,1.0,,1.0,1.0,,1.0
T_EDINW-1,AR Logit Default,1.0,,1.0,1.0,,1.0
T_EDINW-1,AR Flx Logit,1.0,,1.0,1.0,,1.0
T_EDINW-1,RLS,1.0,,1.0,1.0,,1.0
T_EDINW-1,sRLS,1.0,,1.0,1.0,,1.0
T_EDINW-1,RMLE,1.0,,1.0,1.0,,1.0
T_EDINW-1,sRMLE,1.0,,1.0,1.0,,1.0
T_EDINW-1,Bayes,1.0,,1.0,1.0,,1.0
T_EDINW-1,Ada Bayes,1.0,,1.0,1.0,,1.0
T_EWHLW-1,Persistent,1.0,1.0,1.0,1.0,1.0,
T_EWHLW-1,AR Logit Default,1.0,1.0,1.0,1.0,1.0,
T_EWHLW-1,AR Flx Logit,1.0,1.0,1.0,1.0,1.0,
T_EWHLW-1,RLS,1.0,1.0,1.0,1.0,1.0,
T_EWHLW-1,sRLS,1.0,1.0,1.0,1.0,1.0,
T_EWHLW-1,RMLE,1.0,1.0,1.0,1.0,1.0,
T_EWHLW-1,sRMLE,1.0,1.0,1.0,1.0,1.0,
T_EWHLW-1,Bayes,1.0,1.0,1.0,1.0,1.0,
T_EWHLW-1,Ada Bayes,1.0,1.0,1.0,1.0,1.0,
T_FALGW-1,Persistent,1.0,1.0,,1.0,1.0,
T_FALGW-1,AR Logit Default,1.0,1.0,,1.0,1.0,
T_FALGW-1,AR Flx Logit,1.0,1.0,,1.0,1.0,
T_FALGW-1,RLS,1.0,1.0,,1.0,1.0,
T_FALGW-1,sRLS,1.0,1.0,,1.0,1.0,
T_FALGW-1,RMLE,1.0,1.0,,1.0,1.0,
T_FALGW-1,sRMLE,1.0,1.0,,1.0,1.0,
T_FALGW-1,Bayes,1.0,1.0,,1.0,1.0,
T_FALGW-1,Ada Bayes,1.0,1.0,,1.0,1.0,
T_FARR-1,Persistent,1.0,1.0,1.0,,,
T_FARR-1,AR Logit Default,1.0,1.0,1.0,,,
T_FARR-1,AR Flx Logit,1.0,1.0,1.0,,,
T_FARR-1,RLS,1.0,1.0,1.0,,,
T_FARR-1,sRLS,1.0,1.0,1.0,,,
T_FARR-1,RMLE,1.0,1.0,1.0,,,
T_FARR-1,sRMLE,1.0,1.0,1.0,,,
T_FARR-1,Bayes,1.0,1.0,1.0,,,
T_FARR-1,Ada Bayes,1.0,1.0,1.0,,,
T_FARR-2,Persistent,1.0,1.0,1.0,1.0,1.0,
T_FARR-2,AR Logit Default,1.0,1.0,1.0,1.0,1.0,
T_FARR-2,AR Flx Logit,1.0,1.0,1.0,1.0,1.0,
T_FARR-2,RLS,1.0,1.0,1.0,1.0,1.0,
T_FARR-2,sRLS,1.0,1.0,1.0,1.0,1.0,
T_FARR-2,RMLE,1.0,1.0,1.0,1.0,1.0,
T_FARR-2,sRMLE,1.0,1.0,1.0,1.0,1.0,
T_FARR-2,Bayes,1.0,1.0,1.0,1.0,1.0,
T_FARR-2,Ada Bayes,1.0,1.0,1.0,1.0,1.0,
T_FSDLW-1,Persistent,1.0,1.0,1.0,,,
T_FSDLW-1,AR Logit Default,1.0,1.0,1.0,,,
T_FSDLW-1,AR Flx Logit,1.0,1.0,1.0,,,
T_FSDLW-1,RLS,1.0,1.0,1.0,,,
T_FSDLW-1,sRLS,1.0,1.0,1.0,,,
T_FSDLW-1,RMLE,1.0,1.0,1.0,,,
T_FSDLW-1,sRMLE,1.0,1.0,1.0,,,
T_FSDLW-1,Bayes,1.0,1.0,1.0,,,
T_FSDLW-1,Ada Bayes,1.0,1.0,1.0,,,
T_GANW-11,Persistent,1.0,1.0,,1.0,,
T_GANW-11,AR Logit Default,1.0,1.0,,1.0,,
T_GANW-11,AR Flx Logit,1.0,1.0,,1.0,,
T_GANW-11,RLS,1.0,1.0,,1.0,,
T_GANW-11,sRLS,1.0,1.0,,1.0,,
T_GANW-11,RMLE,1.0,1.0,,1.0,,
T_GANW-11,sRMLE,1.0,1.0,,1.0,,
T_GANW-11,Bayes,1.0,1.0,,1.0,,
T_GANW-11,Ada Bayes,1.0,1.0,,1.0,,
T_GANW-13,Persistent,1.0,1.0,,1.0,,
T_GANW-13,AR Logit Default,1.0,1.0,,1.0,,
T_GANW-13,AR Flx Logit,1.0,1.0,,1.0,,
T_GANW-13,RLS,1.0,1.0,,1.0,,
T_GANW-13,sRLS,1.0,1.0,,1.0,,
T_GANW-13,RMLE,1.0,1.0,,1.0,,
T_GANW-13,sRMLE,1.0,1.0,,1.0,,
T_GANW-13,Bayes,1.0,1.0,,1.0,,
T_GANW-13,Ada Bayes,1.0,1.0,,1.0,,
T_GANW-22,Persistent,1.0,1.0,1.0,1.0,,
T_GANW-22,AR Logit Default,1.0,1.0,1.0,1.0,,
T_GANW-22,AR Flx Logit,1.0,1.0,1.0,1.0,,
T_GANW-22,RLS,1.0,1.0,1.0,1.0,,
T_GANW-22,sRLS,1.0,1.0,1.0,1.0,,
T_GANW-22,RMLE,1.0,1.0,1.0,1.0,,
T_GANW-22,sRMLE,1.0,1.0,1.0,1.0,,
T_GANW-22,Bayes,1.0,1.0,1.0,1.0,,
T_GANW-22,Ada Bayes,1.0,1.0,1.0,1.0,,
T_GANW-24,Persistent,1.0,1.0,1.0,,,1.0
T_GANW-24,AR Logit Default,1.0,1.0,1.0,,,1.0
T_GANW-24,AR Flx Logit,1.0,1.0,1.0,,,1.0
T_GANW-24,RLS,1.0,1.0,1.0,,,1.0
T_GANW-24,sRLS,1.0,1.0,1.0,,,1.0
T_GANW-24,RMLE,1.0,1.0,1.0,,,1.0
T_GANW-24,sRMLE,1.0,1.0,1.0,,,1.0
T_GANW-24,Bayes,1.0,1.0,1.0,,,1.0
T_GANW-24,Ada Bayes,1.0,1.0,1.0,,,1.0
T_GLWSW-1,Persistent,1.0,1.0,1.0,,,
T_GLWSW-1,AR Logit Default,1.0,1.0,1.0,,,
T_GLWSW-1,AR Flx Logit,1.0,1.0,1.0,,,
T_GLWSW-1,RLS,1.0,1.0,1.0,,,
T_GLWSW-1,sRLS,1.0,1.0,1.0,,,
T_GLWSW-1,RMLE,1.0,1.0,1.0,,,
T_GLWSW-1,sRMLE,1.0,1.0,1.0,,,
T_GLWSW-1,Bayes,1.0,1.0,1.0,,,
T_GLWSW-1,Ada Bayes,1.0,1.0,1.0,,,
T_GNAPW-1,Persistent,1.0,,1.0,1.0,,
T_GNAPW-1,AR Logit Default,1.0,,1.0,1.0,,
T_GNAPW-1,AR Flx Logit,1.0,,1.0,1.0,,
T_GNAPW-1,RLS,1.0,,1.0,1.0,,
T_GNAPW-1,sRLS,1.0,,1.0,1.0,,
T_GNAPW-1,RMLE,1.0,,1.0,1.0,,
T_GNAPW-1,sRMLE,1.0,,1.0,1.0,,
T_GNAPW-1,Bayes,1.0,,1.0,1.0,,
T_GNAPW-1,Ada Bayes,1.0,,1.0,1.0,,
T_GNFSW-1,Persistent,1.0,1.0,1.0,,,
T_GNFSW-1,AR Logit Default,1.0,1.0,1.0,,,
T_GNFSW-1,AR Flx Logit,1.0,1.0,1.0,,,
T_GNFSW-1,RLS,1.0,1.0,1.0,,,
T_GNFSW-1,sRLS,1.0,1.0,1.0,,,
T_GNFSW-1,RMLE,1.0,1.0,1.0,,,
T_GNFSW-1,sRMLE,1.0,1.0,1.0,,,
T_GNFSW-1,Bayes,1.0,1.0,1.0,,,
T_GNFSW-1,Ada Bayes,1.0,1.0,1.0,,,
T_GNFSW-2,Persistent,1.0,1.0,1.0,,,
T_GNFSW-2,AR Logit Default,1.0,1.0,1.0,,,
T_GNFSW-2,AR Flx Logit,1.0,1.0,1.0,,,
T_GNFSW-2,RLS,1.0,1.0,1.0,,,
T_GNFSW-2,sRLS,1.0,1.0,1.0,,,
T_GNFSW-2,RMLE,1.0,1.0,1.0,,,
T_GNFSW-2,sRMLE,1.0,1.0,1.0,,,
T_GNFSW-2,Bayes,1.0,1.0,1.0,,,
T_GNFSW-2,Ada Bayes,1.0,1.0,1.0,,,
T_GORDW-1,Persistent,1.0,1.0,1.0,1.0,,1.0
T_GORDW-1,AR Logit Default,1.0,1.0,1.0,1.0,,1.0
T_GORDW-1,AR Flx Logit,1.0,1.0,1.0,1.0,,1.0
T_GORDW-1,RLS,1.0,1.0,1.0,1.0,,1.0
T_GORDW-1,sRLS,1.0,1.0,1.0,1.0,,1.0
T_GORDW-1,RMLE,1.0,1.0,1.0,1.0,,1.0
T_GORDW-1,sRMLE,1.0,1.0,1.0,1.0,,1.0
T_GORDW-1,Bayes,1.0,1.0,1.0,1.0,,1.0
T_GORDW-1,Ada Bayes,1.0,1.0,1.0,1.0,,1.0
T_GRGBW-1,Persistent,1.0,1.0,1.0,1.0,,
T_GRGBW-1,AR Logit Default,1.0,1.0,1.0,1.0,,
T_GRGBW-1,AR Flx Logit,1.0,1.0,1.0,1.0,,
T_GRGBW-1,RLS,1.0,1.0,1.0,1.0,,
T_GRGBW-1,sRLS,1.0,1.0,1.0,1.0,,
T_GRGBW-1,RMLE,1.0,1.0,1.0,1.0,,
T_GRGBW-1,sRMLE,1.0,1.0,1.0,1.0,,
T_GRGBW-1,Bayes,1.0,1.0,1.0,1.0,,
T_GRGBW-1,Ada Bayes,1.0,1.0,1.0,1.0,,
T_GRGBW-2,Persistent,1.0,1.0,1.0,,,
T_GRGBW-2,AR Logit Default,1.0,1.0,1.0,,,
T_GRGBW-2,AR Flx Logit,1.0,1.0,1.0,,,
T_GRGBW-2,RLS,1.0,1.0,1.0,,,
T_GRGBW-2,sRLS,1.0,1.0,1.0,,,
T_GRGBW-2,RMLE,1.0,1.0,1.0,,,
T_GRGBW-2,sRMLE,1.0,1.0,1.0,,,
T_GRGBW-2,Bayes,1.0,1.0,1.0,,,
T_GRGBW-2,Ada Bayes,1.0,1.0,1.0,,,
T_GRGBW-3,Persistent,1.0,1.0,1.0,,,
T_GRGBW-3,AR Logit Default,1.0,1.0,1.0,,,
T_GRGBW-3,AR Flx Logit,1.0,1.0,1.0,,,
T_GRGBW-3,RLS,1.0,1.0,1.0,,,
T_GRGBW-3,sRLS,1.0,1.0,1.0,,,
T_GRGBW-3,RMLE,1.0,1.0,1.0,,,
T_GRGBW-3,sRMLE,1.0,1.0,1.0,,,
T_GRGBW-3,Bayes,1.0,1.0,1.0,,,
T_GRGBW-3,Ada Bayes,1.0,1.0,1.0,,,
T_GRIFW-1,Persistent,1.0,1.0,1.0,1.0,1.0,1.0
T_GRIFW-1,AR Logit Default,1.0,1.0,1.0,1.0,1.0,1.0
T_GRIFW-1,AR Flx Logit,1.0,1.0,1.0,1.0,1.0,1.0
T_GRIFW-1,RLS,1.0,1.0,1.0,1.0,1.0,1.0
T_GRIFW-1,sRLS,1.0,1.0,1.0,1.0,1.0,1.0
T_GRIFW-1,RMLE,1.0,1.0,1.0,1.0,1.0,1.0
T_GRIFW-1,sRMLE,1.0,1.0,1.0,1.0,1.0,1.0
T_GRIFW-1,Bayes,1.0,1.0,1.0,1.0,1.0,1.0
T_GRIFW-1,Ada Bayes,1.0,1.0,1.0,1.0,1.0,1.0
T_GRIFW-2,Persistent,1.0,1.0,1.0,1.0,1.0,1.0
T_GRIFW-2,AR Logit Default,1.0,1.0,1.0,1.0,1.0,1.0
T_GRIFW-2,AR Flx Logit,1.0,1.0,1.0,1.0,1.0,1.0
T_GRIFW-2,RLS,1.0,1.0,1.0,1.0,1.0,1.0
T_GRIFW-2,sRLS,1.0,1.0,1.0,1.0,1.0,1.0
T_GRIFW-2,RMLE,1.0,1.0,1.0,1.0,1.0,1.0
T_GRIFW-2,sRMLE,1.0,1.0,1.0,1.0,1.0,1.0
T_GRIFW-2,Bayes,1.0,1.0,1.0,1.0,1.0,1.0
T_GRIFW-2,Ada Bayes,1.0,1.0,1.0,1.0,1.0,1.0
T_GYMR-15,Persistent,1.0,1.0,1.0,1.0,,
T_GYMR-15,AR Logit Default,1.0,1.0,1.0,1.0,,
T_GYMR-15,AR Flx Logit,1.0,1.0,1.0,1.0,,
T_GYMR-15,RLS,1.0,1.0,1.0,1.0,,
T_GYMR-15,sRLS,1.0,1.0,1.0,1.0,,
T_GYMR-15,RMLE,1.0,1.0,1.0,1.0,,
T_GYMR-15,sRMLE,1.0,1.0,1.0,1.0,,
T_GYMR-15,Bayes,1.0,1.0,1.0,1.0,,
T_GYMR-15,Ada Bayes,1.0,1.0,1.0,1.0,,
T_GYMR-17,Persistent,1.0,1.0,1.0,,,
T_GYMR-17,AR Logit Default,1.0,1.0,1.0,,,
T_GYMR-17,AR Flx Logit,1.0,1.0,1.0,,,
T_GYMR-17,RLS,1.0,1.0,1.0,,,
T_GYMR-17,sRLS,1.0,1.0,1.0,,,
T_GYMR-17,RMLE,1.0,1.0,1.0,,,
T_GYMR-17,sRMLE,1.0,1.0,1.0,,,
T_GYMR-17,Bayes,1.0,1.0,1.0,,,
T_GYMR-17,Ada Bayes,1.0,1.0,1.0,,,
T_GYMR-26,Persistent,1.0,1.0,1.0,,,1.0
T_GYMR-26,AR Logit Default,1.0,1.0,1.0,,,1.0
T_GYMR-26,AR Flx Logit,1.0,1.0,1.0,,,1.0
T_GYMR-26,RLS,1.0,1.0,1.0,,,1.0
T_GYMR-26,sRLS,1.0,1.0,1.0,,,1.0
T_GYMR-26,RMLE,1.0,1.0,1.0,,,1.0
T_GYMR-26,sRMLE,1.0,1.0,1.0,,,1.0
T_GYMR-26,Bayes,1.0,1.0,1.0,,,1.0
T_GYMR-26,Ada Bayes,1.0,1.0,1.0,,,1.0
T_GYMR-28,Persistent,1.0,1.0,1.0,,,
T_GYMR-28,AR Logit Default,1.0,1.0,1.0,,,
T_GYMR-28,AR Flx Logit,1.0,1.0,1.0,,,
T_GYMR-28,RLS,1.0,1.0,1.0,,,
T_GYMR-28,sRLS,1.0,1.0,1.0,,,
T_GYMR-28,RMLE,1.0,1.0,1.0,,,
T_GYMR-28,sRMLE,1.0,1.0,1.0,,,
T_GYMR-28,Bayes,1.0,1.0,1.0,,,
T_GYMR-28,Ada Bayes,1.0,1.0,1.0,,,
T_HADHW-1,Persistent,1.0,1.0,1.0,1.0,,
T_HADHW-1,AR Logit Default,1.0,1.0,1.0,1.0,,
T_HADHW-1,AR Flx Logit,1.0,1.0,1.0,1.0,,
T_HADHW-1,RLS,1.0,1.0,1.0,1.0,,
T_HADHW-1,sRLS,1.0,1.0,1.0,1.0,,
T_HADHW-1,RMLE,1.0,1.0,1.0,1.0,,
T_HADHW-1,sRMLE,1.0,1.0,1.0,1.0,,
T_HADHW-1,Bayes,1.0,1.0,1.0,1.0,,
T_HADHW-1,Ada Bayes,1.0,1.0,1.0,1.0,,
T_HMGTO-1,Persistent,1.0,,1.0,,,
T_HMGTO-1,AR Logit Default,1.0,,1.0,,,
T_HMGTO-1,AR Flx Logit,1.0,,1.0,,,
T_HMGTO-1,RLS,1.0,,1.0,,,
T_HMGTO-1,sRLS,1.0,,1.0,,,
T_HMGTO-1,RMLE,1.0,,1.0,,,
T_HMGTO-1,sRMLE,1.0,,1.0,,,
T_HMGTO-1,Bayes,1.0,,1.0,,,
T_HMGTO-1,Ada Bayes,1.0,,1.0,,,
T_HOWAO-1,Persistent,1.0,1.0,1.0,1.0,1.0,1.0
T_HOWAO-1,AR Logit Default,1.0,1.0,1.0,1.0,1.0,1.0
T_HOWAO-1,AR Flx Logit,1.0,1.0,1.0,1.0,1.0,1.0
T_HOWAO-1,RLS,1.0,1.0,1.0,1.0,1.0,1.0
T_HOWAO-1,sRLS,1.0,1.0,1.0,1.0,1.0,1.0
T_HOWAO-1,RMLE,1.0,1.0,1.0,1.0,1.0,1.0
T_HOWAO-1,sRMLE,1.0,1.0,1.0,1.0,1.0,1.0
T_HOWAO-1,Bayes,1.0,1.0,1.0,1.0,1.0,1.0
T_HOWAO-1,Ada Bayes,1.0,1.0,1.0,1.0,1.0,1.0
T_HOWAO-2,Persistent,1.0,1.0,1.0,1.0,1.0,1.0
T_HOWAO-2,AR Logit Default,1.0,1.0,1.0,1.0,1.0,1.0
T_HOWAO-2,AR Flx Logit,1.0,1.0,1.0,1.0,1.0,1.0
T_HOWAO-2,RLS,1.0,1.0,1.0,1.0,1.0,1.0
T_HOWAO-2,sRLS,1.0,1.0,1.0,1.0,1.0,1.0
T_HOWAO-2,RMLE,1.0,1.0,1.0,1.0,1.0,1.0
T_HOWAO-2,sRMLE,1.0,1.0,1.0,1.0,1.0,1.0
T_HOWAO-2,Bayes,1.0,1.0,1.0,1.0,1.0,1.0
T_HOWAO-2,Ada Bayes,1.0,1.0,1.0,1.0,1.0,1.0
T_HOWAO-3,Persistent,1.0,1.0,1.0,1.0,,1.0
T_HOWAO-3,AR Logit Default,1.0,1.0,1.0,1.0,,1.0
T_HOWAO-3,AR Flx Logit,1.0,1.0,1.0,1.0,,1.0
T_HOWAO-3,RLS,1.0,1.0,1.0,1.0,,1.0
T_HOWAO-3,sRLS,1.0,1.0,1.0,1.0,,1.0
T_HOWAO-3,RMLE,1.0,1.0,1.0,1.0,,1.0
T_HOWAO-3,sRMLE,1.0,1.0,1.0,1.0,,1.0
T_HOWAO-3,Bayes,1.0,1.0,1.0,1.0,,1.0
T_HOWAO-3,Ada Bayes,1.0,1.0,1.0,1.0,,1.0
T_HRSTW-1,Persistent,1.0,1.0,1.0,,1.0,1.0
T_HRSTW-1,AR Logit Default,1.0,1.0,1.0,,1.0,1.0
T_HRSTW-1,AR Flx Logit,1.0,1.0,1.0,,1.0,1.0
T_HRSTW-1,RLS,1.0,1.0,1.0,,1.0,1.0
T_HRSTW-1,sRLS,1.0,1.0,1.0,,1.0,1.0
T_HRSTW-1,RMLE,1.0,1.0,1.0,,1.0,1.0
T_HRSTW-1,sRMLE,1.0,1.0,1.0,,1.0,1.0
T_HRSTW-1,Bayes,1.0,1.0,1.0,,1.0,1.0
T_HRSTW-1,Ada Bayes,1.0,1.0,1.0,,1.0,1.0
T_KILBW-1,Persistent,1.0,,1.0,1.0,,
T_KILBW-1,AR Logit Default,1.0,,1.0,1.0,,
T_KILBW-1,AR Flx Logit,1.0,,1.0,1.0,,
T_KILBW-1,RLS,1.0,,1.0,1.0,,
T_KILBW-1,sRLS,1.0,,1.0,1.0,,
T_KILBW-1,RMLE,1.0,,1.0,1.0,,
T_KILBW-1,sRMLE,1.0,,1.0,1.0,,
T_KILBW-1,Bayes,1.0,,1.0,1.0,,
T_KILBW-1,Ada Bayes,1.0,,1.0,1.0,,
T_KLGLW-1,Persistent,1.0,,1.0,1.0,1.0,
T_KLGLW-1,AR Logit Default,1.0,,1.0,1.0,1.0,
T_KLGLW-1,AR Flx Logit,1.0,,1.0,1.0,1.0,
T_KLGLW-1,RLS,1.0,,1.0,1.0,1.0,
T_KLGLW-1,sRLS,1.0,,1.0,1.0,1.0,
T_KLGLW-1,RMLE,1.0,,1.0,1.0,1.0,
T_KLGLW-1,sRMLE,1.0,,1.0,1.0,1.0,
T_KLGLW-1,Bayes,1.0,,1.0,1.0,1.0,
T_KLGLW-1,Ada Bayes,1.0,,1.0,1.0,1.0,
T_LARYW-1,Persistent,1.0,1.0,1.0,,,
T_LARYW-1,AR Logit Default,1.0,1.0,1.0,,,
T_LARYW-1,AR Flx Logit,1.0,1.0,1.0,,,
T_LARYW-1,RLS,1.0,1.0,1.0,,,
T_LARYW-1,sRLS,1.0,1.0,1.0,,,
T_LARYW-1,RMLE,1.0,1.0,1.0,,,
T_LARYW-1,sRMLE,1.0,1.0,1.0,,,
T_LARYW-1,Bayes,1.0,1.0,1.0,,,
T_LARYW-1,Ada Bayes,1.0,1.0,1.0,,,
T_LARYW-2,Persistent,1.0,1.0,1.0,1.0,,
T_LARYW-2,AR Logit Default,1.0,1.0,1.0,1.0,,
T_LARYW-2,AR Flx Logit,1.0,1.0,1.0,1.0,,
T_LARYW-2,RLS,1.0,1.0,1.0,1.0,,
T_LARYW-2,sRLS,1.0,1.0,1.0,1.0,,
T_LARYW-2,RMLE,1.0,1.0,1.0,1.0,,
T_LARYW-2,sRMLE,1.0,1.0,1.0,1.0,,
T_LARYW-2,Bayes,1.0,1.0,1.0,1.0,,
T_LARYW-2,Ada Bayes,1.0,1.0,1.0,1.0,,
T_LARYW-3,Persistent,1.0,1.0,1.0,,,
T_LARYW-3,AR Logit Default,1.0,1.0,1.0,,,
T_LARYW-3,AR Flx Logit,1.0,1.0,1.0,,,
T_LARYW-3,RLS,1.0,1.0,1.0,,,
T_LARYW-3,sRLS,1.0,1.0,1.0,,,
T_LARYW-3,RMLE,1.0,1.0,1.0,,,
T_LARYW-3,sRMLE,1.0,1.0,1.0,,,
T_LARYW-3,Bayes,1.0,1.0,1.0,,,
T_LARYW-3,Ada Bayes,1.0,1.0,1.0,,,
T_LARYW-4,Persistent,1.0,1.0,1.0,1.0,,
T_LARYW-4,AR Logit Default,1.0,1.0,1.0,1.0,,
T_LARYW-4,AR Flx Logit,1.0,1.0,1.0,1.0,,
T_LARYW-4,RLS,1.0,1.0,1.0,1.0,,
T_LARYW-4,sRLS,1.0,1.0,1.0,1.0,,
T_LARYW-4,RMLE,1.0,1.0,1.0,1.0,,
T_LARYW-4,sRMLE,1.0,1.0,1.0,1.0,,
T_LARYW-4,Bayes,1.0,1.0,1.0,1.0,,
T_LARYW-4,Ada Bayes,1.0,1.0,1.0,1.0,,
T_LCLTW-1,Persistent,1.0,1.0,1.0,,1.0,1.0
T_LCLTW-1,AR Logit Default,1.0,1.0,1.0,,1.0,1.0
T_LCLTW-1,AR Flx Logit,1.0,1.0,1.0,,1.0,1.0
T_LCLTW-1,RLS,1.0,1.0,1.0,,1.0,1.0
T_LCLTW-1,sRLS,1.0,1.0,1.0,,1.0,1.0
T_LCLTW-1,RMLE,1.0,1.0,1.0,,1.0,1.0
T_LCLTW-1,sRMLE,1.0,1.0,1.0,,1.0,1.0
T_LCLTW-1,Bayes,1.0,1.0,1.0,,1.0,1.0
T_LCLTW-1,Ada Bayes,1.0,1.0,1.0,,1.0,1.0
T_LNCSW-1,Persistent,1.0,,1.0,1.0,1.0,
T_LNCSW-1,AR Logit Default,1.0,,1.0,1.0,1.0,
T_LNCSW-1,AR Flx Logit,1.0,,1.0,1.0,1.0,
T_LNCSW-1,RLS,1.0,,1.0,1.0,1.0,
T_LNCSW-1,sRLS,1.0,,1.0,1.0,1.0,
T_LNCSW-1,RMLE,1.0,,1.0,1.0,1.0,
T_LNCSW-1,sRMLE,1.0,,1.0,1.0,1.0,
T_LNCSW-1,Bayes,1.0,,1.0,1.0,1.0,
T_LNCSW-1,Ada Bayes,1.0,,1.0,1.0,1.0,
T_LNCSW-2,Persistent,1.0,1.0,1.0,1.0,,
T_LNCSW-2,AR Logit Default,1.0,1.0,1.0,1.0,,
T_LNCSW-2,AR Flx Logit,1.0,1.0,1.0,1.0,,
T_LNCSW-2,RLS,1.0,1.0,1.0,1.0,,
T_LNCSW-2,sRLS,1.0,1.0,1.0,1.0,,
T_LNCSW-2,RMLE,1.0,1.0,1.0,1.0,,
T_LNCSW-2,sRMLE,1.0,1.0,1.0,1.0,,
T_LNCSW-2,Bayes,1.0,1.0,1.0,1.0,,
T_LNCSW-2,Ada Bayes,1.0,1.0,1.0,1.0,,
T_MIDMW-1,Persistent,1.0,,1.0,,1.0,
T_MIDMW-1,AR Logit Default,1.0,,1.0,,1.0,
T_MIDMW-1,AR Flx Logit,1.0,,1.0,,1.0,
T_MIDMW-1,RLS,1.0,,1.0,,1.0,
T_MIDMW-1,sRLS,1.0,,1.0,,1.0,
T_MIDMW-1,RMLE,1.0,,1.0,,1.0,
T_MIDMW-1,sRMLE,1.0,,1.0,,1.0,
T_MIDMW-1,Bayes,1.0,,1.0,,1.0,
T_MIDMW-1,Ada Bayes,1.0,,1.0,,1.0,
T_MILWW-1,Persistent,1.0,1.0,1.0,1.0,1.0,
T_MILWW-1,AR Logit Default,1.0,1.0,1.0,1.0,1.0,
T_MILWW-1,AR Flx Logit,1.0,1.0,1.0,1.0,1.0,
T_MILWW-1,RLS,1.0,1.0,1.0,1.0,1.0,
T_MILWW-1,sRLS,1.0,1.0,1.0,1.0,1.0,
T_MILWW-1,RMLE,1.0,1.0,1.0,1.0,1.0,
T_MILWW-1,sRMLE,1.0,1.0,1.0,1.0,1.0,
T_MILWW-1,Bayes,1.0,1.0,1.0,1.0,1.0,
T_MILWW-1,Ada Bayes,1.0,1.0,1.0,1.0,1.0,
T_MKHLW-1,Persistent,1.0,1.0,1.0,1.0,,
T_MKHLW-1,AR Logit Default,1.0,1.0,1.0,1.0,,
T_MKHLW-1,AR Flx Logit,1.0,1.0,1.0,1.0,,
T_MKHLW-1,RLS,1.0,1.0,1.0,1.0,,
T_MKHLW-1,sRLS,1.0,1.0,1.0,1.0,,
T_MKHLW-1,RMLE,1.0,1.0,1.0,1.0,,
T_MKHLW-1,sRMLE,1.0,1.0,1.0,1.0,,
T_MKHLW-1,Bayes,1.0,1.0,1.0,1.0,,
T_MKHLW-1,Ada Bayes,1.0,1.0,1.0,1.0,,
T_OMNDW-1,Persistent,1.0,1.0,1.0,,,
T_OMNDW-1,AR Logit Default,1.0,1.0,1.0,,,
T_OMNDW-1,AR Flx Logit,1.0,1.0,1.0,,,
T_OMNDW-1,RLS,1.0,1.0,1.0,,,
T_OMNDW-1,sRLS,1.0,1.0,1.0,,,
T_OMNDW-1,RMLE,1.0,1.0,1.0,,,
T_OMNDW-1,sRMLE,1.0,1.0,1.0,,,
T_OMNDW-1,Bayes,1.0,1.0,1.0,,,
T_OMNDW-1,Ada Bayes,1.0,1.0,1.0,,,
T_RCBKO-1,Persistent,1.0,1.0,,,1.0,1.0
T_RCBKO-1,AR Logit Default,1.0,1.0,,,1.0,1.0
T_RCBKO-1,AR Flx Logit,1.0,1.0,,,1.0,1.0
T_RCBKO-1,RLS,1.0,1.0,,,1.0,1.0
T_RCBKO-1,sRLS,1.0,1.0,,,1.0,1.0
T_RCBKO-1,RMLE,1.0,1.0,,,1.0,1.0
T_RCBKO-1,sRMLE,1.0,1.0,,,1.0,1.0
T_RCBKO-1,Bayes,1.0,1.0,,,1.0,1.0
T_RCBKO-1,Ada Bayes,1.0,1.0,,,1.0,1.0
T_RCBKO-2,Persistent,1.0,1.0,1.0,1.0,1.0,1.0
T_RCBKO-2,AR Logit Default,1.0,1.0,1.0,1.0,1.0,1.0
T_RCBKO-2,AR Flx Logit,1.0,1.0,1.0,1.0,1.0,1.0
T_RCBKO-2,RLS,1.0,1.0,1.0,1.0,1.0,1.0
T_RCBKO-2,sRLS,1.0,1.0,1.0,1.0,1.0,1.0
T_RCBKO-2,RMLE,1.0,1.0,1.0,1.0,1.0,1.0
T_RCBKO-2,sRMLE,1.0,1.0,1.0,1.0,1.0,1.0
T_RCBKO-2,Bayes,1.0,1.0,1.0,1.0,1.0,1.0
T_RCBKO-2,Ada Bayes,1.0,1.0,1.0,1.0,1.0,1.0
T_RMPNO-1,Persistent,1.0,1.0,1.0,,,
T_RMPNO-1,AR Logit Default,1.0,1.0,1.0,,,
T_RMPNO-1,AR Flx Logit,1.0,1.0,1.0,,,
T_RMPNO-1,RLS,1.0,1.0,1.0,,,
T_RMPNO-1,sRLS,1.0,1.0,1.0,,,
T_RMPNO-1,RMLE,1.0,1.0,1.0,,,
T_RMPNO-1,sRMLE,1.0,1.0,1.0,,,
T_RMPNO-1,Bayes,1.0,1.0,1.0,,,
T_RMPNO-1,Ada Bayes,1.0,1.0,1.0,,,
T_RMPNO-2,Persistent,1.0,1.0,1.0,,,
T_RMPNO-2,AR Logit Default,1.0,1.0,1.0,,,
T_RMPNO-2,AR Flx Logit,1.0,1.0,1.0,,,
T_RMPNO-2,RLS,1.0,1.0,1.0,,,
T_RMPNO-2,sRLS,1.0,1.0,1.0,,,
T_RMPNO-2,RMLE,1.0,1.0,1.0,,,
T_RMPNO-2,sRMLE,1.0,1.0,1.0,,,
T_RMPNO-2,Bayes,1.0,1.0,1.0,,,
T_RMPNO-2,Ada Bayes,1.0,1.0,1.0,,,
T_RREW-1,Persistent,1.0,1.0,1.0,1.0,,
T_RREW-1,AR Logit Default,1.0,1.0,1.0,1.0,,
T_RREW-1,AR Flx Logit,1.0,1.0,1.0,1.0,,
T_RREW-1,RLS,1.0,1.0,1.0,1.0,,
T_RREW-1,sRLS,1.0,1.0,1.0,1.0,,
T_RREW-1,RMLE,1.0,1.0,1.0,1.0,,
T_RREW-1,sRMLE,1.0,1.0,1.0,1.0,,
T_RREW-1,Bayes,1.0,1.0,1.0,1.0,,
T_RREW-1,Ada Bayes,1.0,1.0,1.0,1.0,,
T_RRWW-1,Persistent,1.0,1.0,1.0,,1.0,
T_RRWW-1,AR Logit Default,1.0,1.0,1.0,,1.0,
T_RRWW-1,AR Flx Logit,1.0,1.0,1.0,,1.0,
T_RRWW-1,RLS,1.0,1.0,1.0,,1.0,
T_RRWW-1,sRLS,1.0,1.0,1.0,,1.0,
T_RRWW-1,RMLE,1.0,1.0,1.0,,1.0,
T_RRWW-1,sRMLE,1.0,1.0,1.0,,1.0,
T_RRWW-1,Bayes,1.0,1.0,1.0,,1.0,
T_RRWW-1,Ada Bayes,1.0,1.0,1.0,,1.0,
T_SANQW-1,Persistent,1.0,1.0,1.0,,,
T_SANQW-1,AR Logit Default,1.0,1.0,1.0,,,
T_SANQW-1,AR Flx Logit,1.0,1.0,1.0,,,
T_SANQW-1,RLS,1.0,1.0,1.0,,,
T_SANQW-1,sRLS,1.0,1.0,1.0,,,
T_SANQW-1,RMLE,1.0,1.0,1.0,,,
T_SANQW-1,sRMLE,1.0,1.0,1.0,,,
T_SANQW-1,Bayes,1.0,1.0,1.0,,,
T_SANQW-1,Ada Bayes,1.0,1.0,1.0,,,
T_SHRSW-1,Persistent,1.0,,1.0,,1.0,
T_SHRSW-1,AR Logit Default,1.0,,1.0,,1.0,
T_SHRSW-1,AR Flx Logit,1.0,,1.0,,1.0,
T_SHRSW-1,RLS,1.0,,1.0,,1.0,
T_SHRSW-1,sRLS,1.0,,1.0,,1.0,
T_SHRSW-1,RMLE,1.0,,1.0,,1.0,
T_SHRSW-1,sRMLE,1.0,,1.0,,1.0,
T_SHRSW-1,Bayes,1.0,,1.0,,1.0,
T_SHRSW-1,Ada Bayes,1.0,,1.0,,1.0,
T_SHRSW-2,Persistent,1.0,,1.0,,1.0,1.0
T_SHRSW-2,AR Logit Default,1.0,,1.0,,1.0,1.0
T_SHRSW-2,AR Flx Logit,1.0,,1.0,,1.0,1.0
T_SHRSW-2,RLS,1.0,,1.0,,1.0,1.0
T_SHRSW-2,sRLS,1.0,,1.0,,1.0,1.0
T_SHRSW-2,RMLE,1.0,,1.0,,1.0,1.0
T_SHRSW-2,sRMLE,1.0,,1.0,,1.0,1.0
T_SHRSW-2,Bayes,1.0,,1.0,,1.0,1.0
T_SHRSW-2,Ada Bayes,1.0,,1.0,,1.0,1.0
T_STLGW-1,Persistent,1.0,1.0,1.0,1.0,,1.0
T_STLGW-1,AR Logit Default,1.0,1.0,1.0,1.0,,1.0
T_STLGW-1,AR Flx Logit,1.0,1.0,1.0,1.0,,1.0
T_STLGW-1,RLS,1.0,1.0,1.0,1.0,,1.0
T_STLGW-1,sRLS,1.0,1.0,1.0,1.0,,1.0
T_STLGW-1,RMLE,1.0,1.0,1.0,1.0,,1.0
T_STLGW-1,sRMLE,1.0,1.0,1.0,1.0,,1.0
T_STLGW-1,Bayes,1.0,1.0,1.0,1.0,,1.0
T_STLGW-1,Ada Bayes,1.0,1.0,1.0,1.0,,1.0
T_STLGW-2,Persistent,1.0,1.0,1.0,1.0,1.0,
T_STLGW-2,AR Logit Default,1.0,1.0,1.0,1.0,1.0,
T_STLGW-2,AR Flx Logit,1.0,1.0,1.0,1.0,1.0,
T_STLGW-2,RLS,1.0,1.0,1.0,1.0,1.0,
T_STLGW-2,sRLS,1.0,1.0,1.0,1.0,1.0,
T_STLGW-2,RMLE,1.0,1.0,1.0,1.0,1.0,
T_STLGW-2,sRMLE,1.0,1.0,1.0,1.0,1.0,
T_STLGW-2,Bayes,1.0,1.0,1.0,1.0,1.0,
T_STLGW-2,Ada Bayes,1.0,1.0,1.0,1.0,1.0,
T_STLGW-3,Persistent,1.0,1.0,1.0,,1.0,
T_STLGW-3,AR Logit Default,1.0,1.0,1.0,,1.0,
T_STLGW-3,AR Flx Logit,1.0,1.0,1.0,,1.0,
T_STLGW-3,RLS,1.0,1.0,1.0,,1.0,
T_STLGW-3,sRLS,1.0,1.0,1.0,,1.0,
T_STLGW-3,RMLE,1.0,1.0,1.0,,1.0,
T_STLGW-3,sRMLE,1.0,1.0,1.0,,1.0,
T_STLGW-3,Bayes,1.0,1.0,1.0,,1.0,
T_STLGW-3,Ada Bayes,1.0,1.0,1.0,,1.0,
T_STRNW-1,Persistent,1.0,1.0,1.0,1.0,1.0,
T_STRNW-1,AR Logit Default,1.0,1.0,1.0,1.0,1.0,
T_STRNW-1,AR Flx Logit,1.0,1.0,1.0,1.0,1.0,
T_STRNW-1,RLS,1.0,1.0,1.0,1.0,1.0,
T_STRNW-1,sRLS,1.0,1.0,1.0,1.0,1.0,
T_STRNW-1,RMLE,1.0,1.0,1.0,1.0,1.0,
T_STRNW-1,sRMLE,1.0,1.0,1.0,1.0,1.0,
T_STRNW-1,Bayes,1.0,1.0,1.0,1.0,1.0,
T_STRNW-1,Ada Bayes,1.0,1.0,1.0,1.0,1.0,
T_TDBNW-1,Persistent,1.0,1.0,1.0,,,
T_TDBNW-1,AR Logit Default,1.0,1.0,1.0,,,
T_TDBNW-1,AR Flx Logit,1.0,1.0,1.0,,,
T_TDBNW-1,RLS,1.0,1.0,1.0,,,
T_TDBNW-1,sRLS,1.0,1.0,1.0,,,
T_TDBNW-1,RMLE,1.0,1.0,1.0,,,
T_TDBNW-1,sRMLE,1.0,1.0,1.0,,,
T_TDBNW-1,Bayes,1.0,1.0,1.0,,,
T_TDBNW-1,Ada Bayes,1.0,1.0,1.0,,,
T_WDNSO-1,Persistent,1.0,1.0,1.0,,,1.0
T_WDNSO-1,AR Logit Default,1.0,1.0,1.0,,,1.0
T_WDNSO-1,AR Flx Logit,1.0,1.0,1.0,,,1.0
T_WDNSO-1,RLS,1.0,1.0,1.0,,,1.0
T_WDNSO-1,sRLS,1.0,1.0,1.0,,,1.0
T_WDNSO-1,RMLE,1.0,1.0,1.0,,,1.0
T_WDNSO-1,sRMLE,1.0,1.0,1.0,,,1.0
T_WDNSO-1,Bayes,1.0,1.0,1.0,,,1.0
T_WDNSO-1,Ada Bayes,1.0,1.0,1.0,,,1.0
T_WDNSO-2,Persistent,1.0,1.0,1.0,,,
T_WDNSO-2,AR Logit Default,1.0,1.0,1.0,,,
T_WDNSO-2,AR Flx Logit,1.0,1.0,1.0,,,
T_WDNSO-2,RLS,1.0,1.0,1.0,,,
T_WDNSO-2,sRLS,1.0,1.0,1.0,,,
T_WDNSO-2,RMLE,1.0,1.0,1.0,,,
T_WDNSO-2,sRMLE,1.0,1.0,1.0,,,
T_WDNSO-2,Bayes,1.0,1.0,1.0,,,
T_WDNSO-2,Ada Bayes,1.0,1.0,1.0,,,
T_WHIHW-1,Persistent,1.0,1.0,1.0,,1.0,
T_WHIHW-1,AR Logit Default,1.0,1.0,1.0,,1.0,
T_WHIHW-1,AR Flx Logit,1.0,1.0,1.0,,1.0,
T_WHIHW-1,RLS,1.0,1.0,1.0,,1.0,
T_WHIHW-1,sRLS,1.0,1.0,1.0,,1.0,
T_WHIHW-1,RMLE,1.0,1.0,1.0,,1.0,
T_WHIHW-1,sRMLE,1.0,1.0,1.0,,1.0,
T_WHIHW-1,Bayes,1.0,1.0,1.0,,1.0,
T_WHIHW-1,Ada Bayes,1.0,1.0,1.0,,1.0,
T_WHILW-1,Persistent,1.0,1.0,1.0,1.0,,
T_WHILW-1,AR Logit Default,1.0,1.0,1.0,1.0,,
T_WHILW-1,AR Flx Logit,1.0,1.0,1.0,1.0,,
T_WHILW-1,RLS,1.0,1.0,1.0,1.0,,
T_WHILW-1,sRLS,1.0,1.0,1.0,1.0,,
T_WHILW-1,RMLE,1.0,1.0,1.0,1.0,,
T_WHILW-1,sRMLE,1.0,1.0,1.0,1.0,,
T_WHILW-1,Bayes,1.0,1.0,1.0,1.0,,
T_WHILW-1,Ada Bayes,1.0,1.0,1.0,1.0,,
T_WHILW-2,Persistent,1.0,1.0,1.0,,,
T_WHILW-2,AR Logit Default,1.0,1.0,1.0,,,
T_WHILW-2,AR Flx Logit,1.0,1.0,1.0,,,
T_WHILW-2,RLS,1.0,1.0,1.0,,,
T_WHILW-2,sRLS,1.0,1.0,1.0,,,
T_WHILW-2,RMLE,1.0,1.0,1.0,,,
T_WHILW-2,sRMLE,1.0,1.0,1.0,,,
T_WHILW-2,Bayes,1.0,1.0,1.0,,,
T_WHILW-2,Ada Bayes,1.0,1.0,1.0,,,
T_WLNYO-2,Persistent,1.0,1.0,1.0,,,
T_WLNYO-2,AR Logit Default,1.0,1.0,1.0,,,
T_WLNYO-2,AR Flx Logit,1.0,1.0,1.0,,,
T_WLNYO-2,RLS,1.0,1.0,1.0,,,
T_WLNYO-2,sRLS,1.0,1.0,1.0,,,
T_WLNYO-2,RMLE,1.0,1.0,1.0,,,
T_WLNYO-2,sRMLE,1.0,1.0,1.0,,,
T_WLNYO-2,Bayes,1.0,1.0,1.0,,,
T_WLNYO-2,Ada Bayes,1.0,1.0,1.0,,,
T_WLNYO-3,Persistent,1.0,1.0,1.0,,,
T_WLNYO-3,AR Logit Default,1.0,1.0,1.0,,,
T_WLNYO-3,AR Flx Logit,1.0,1.0,1.0,,,
T_WLNYO-3,RLS,1.0,1.0,1.0,,,
T_WLNYO-3,sRLS,1.0,1.0,1.0,,,
T_WLNYO-3,RMLE,1.0,1.0,1.0,,,
T_WLNYO-3,sRMLE,1.0,1.0,1.0,,,
T_WLNYO-3,Bayes,1.0,1.0,1.0,,,
T_WLNYO-3,Ada Bayes,1.0,1.0,1.0,,,
T_WLNYO-4,Persistent,1.0,1.0,1.0,1.0,,1.0
T_WLNYO-4,AR Logit Default,1.0,1.0,1.0,1.0,,1.0
T_WLNYO-4,AR Flx Logit,1.0,1.0,1.0,1.0,,1.0
T_WLNYO-4,RLS,1.0,1.0,1.0,1.0,,1.0
T_WLNYO-4,sRLS,1.0,1.0,1.0,1.0,,1.0
T_WLNYO-4,RMLE,1.0,1.0,1.0,1.0,,1.0
T_WLNYO-4,sRMLE,1.0,1.0,1.0,1.0,,1.0
T_WLNYO-4,Bayes,1.0,1.0,1.0,1.0,,1.0
T_WLNYO-4,Ada Bayes,1.0,1.0,1.0,1.0,,1.0
T_WLNYW-1,Persistent,1.0,1.0,1.0,,,
T_WLNYW-1,AR Logit Default,1.0,1.0,1.0,,,
T_WLNYW-1,AR Flx Logit,1.0,1.0,1.0,,,
T_WLNYW-1,RLS,1.0,1.0,1.0,,,
T_WLNYW-1,sRLS,1.0,1.0,1.0,,,
T_WLNYW-1,RMLE,1.0,1.0,1.0,,,
T_WLNYW-1,sRMLE,1.0,1.0,1.0,,,
T_WLNYW-1,Bayes,1.0,1.0,1.0,,,
T_WLNYW-1,Ada Bayes,1.0,1.0,1.0,,,
T_WTMSO-1,Persistent,1.0,1.0,,,,1.0
T_WTMSO-1,AR Logit Default,1.0,1.0,,,,1.0
T_WTMSO-1,AR Flx Logit,1.0,1.0,,,,1.0
T_WTMSO-1,RLS,1.0,1.0,,,,1.0
T_WTMSO-1,sRLS,1.0,1.0,,,,1.0
T_WTMSO-1,RMLE,1.0,1.0,,,,1.0
T_WTMSO-1,sRMLE,1.0,1.0,,,,1.0
T_WTMSO-1,Bayes,1.0,1.0,,,,1.0
T_WTMSO-1,Ada Bayes,1.0,1.0,,,,1.0
T_MOWEO-2,Persistent,1.0,,,,,
T_MOWEO-2,AR Logit Default,1.0,,,,,
T_MOWEO-2,AR Flx Logit,1.0,,,,,
T_MOWEO-2,RLS,1.0,,,,,
T_MOWEO-2,sRLS,1.0,,,,,
T_MOWEO-2,RMLE,1.0,,,,,
T_MOWEO-2,sRMLE,1.0,,,,,
T_MOWEO-2,Bayes,1.0,,,,,
T_MOWEO-2,Ada Bayes,1.0,,,,,
T_MOWEO-3,Persistent,1.0,,,,,
T_MOWEO-3,AR Logit Default,1.0,,,,,
T_MOWEO-3,AR Flx Logit,1.0,,,,,
T_MOWEO-3,RLS,1.0,,,,,
T_MOWEO-3,sRLS,1.0,,,,,
T_MOWEO-3,RMLE,1.0,,,,,
T_MOWEO-3,sRMLE,1.0,,,,,
T_MOWEO-3,Bayes,1.0,,,,,
T_MOWEO-3,Ada Bayes,1.0,,,,,
T_MOWEO-1,Persistent,1.0,,,,,
T_MOWEO-1,AR Logit Default,1.0,,,,,
T_MOWEO-1,AR Flx Logit,1.0,,,,,
T_MOWEO-1,RLS,1.0,,,,,
T_MOWEO-1,sRLS,1.0,,,,,
T_MOWEO-1,RMLE,1.0,,,,,
T_MOWEO-1,sRMLE,1.0,,,,,
T_MOWEO-1,Bayes,1.0,,,,,
T_MOWEO-1,Ada Bayes,1.0,,,,,
T_HOWBO-3,Persistent,1.0,,,,,
T_HOWBO-3,AR Logit Default,1.0,,,,,
T_HOWBO-3,AR Flx Logit,1.0,,,,,
T_HOWBO-3,RLS,1.0,,,,,
T_HOWBO-3,sRLS,1.0,,,,,
T_HOWBO-3,RMLE,1.0,,,,,
T_HOWBO-3,sRMLE,1.0,,,,,
T_HOWBO-3,Bayes,1.0,,,,,
T_HOWBO-3,Ada Bayes,1.0,,,,,
